0,NaN,0,NaN,NaN,NaN,NaN,NaN,NaN
5.39000000000143e-05,NaN,-1.5999999999854e-06,NaN,NaN,NaN,NaN,NaN,NaN
0.000101208000000014,NaN,-0.000235306999999985,NaN,0,NaN,NaN,0,NaN
0.000104352000000014,NaN,-0.000218020999999985,NaN,1.3801e-05,NaN,NaN,-8.92699999999999e-06,0
0.000153115000000014,NaN,-0.000207508999999985,NaN,2.88980000000001e-05,0,0,4.0813e-05,-4.6531e-05
0.000199684000000014,NaN,-0.000149610999999985,0,6.47180000000001e-05,-3.80599999999997e-06,3.16800000000001e-05,8.4247e-05,-1.2494e-05
0.000218755000000014,NaN,-0.000116337999999985,-8.56999999999941e-07,7.8899e-05,5.9298e-05,7.76300000000001e-05,0.000104047,6.5911e-05
0.000282727000000014,NaN,-7.66999999999854e-05,5.85600000000005e-06,0.000125753,0.000163897,0.000108361,0.000139547,0.000139925
0.000328928000000014,NaN,-4.65999999999854e-05,8.76499999999999e-06,0.000171217,0.000168029,0.000139175,0.000161117,0.000133161
0.000367645000000014,NaN,-8.7199999999854e-06,7.00500000000003e-06,0.000207384,0.000228598,0.000174598,0.000174777,0.000204426
0.000403362000000014,NaN,5.02000000000146e-05,1.4077e-05,0.000254149,0.000220898,0.00020011,0.000254547,0.000237387
0.000428839000000014,NaN,9.24000000000146e-05,3.44099999999997e-06,0.00031908,0.000271098,0.00023688,0.000269725,0.000235781
0.000498806000000014,NaN,0.000118776000000015,1.84800000000004e-06,0.000347637,0.000313998,0.000267089,0.000316737,0.000266353
0.000527213000000014,NaN,0.000152122000000015,-1.66700000000001e-06,0.000375647,0.000359198,0.000310865,0.000367164,0.000327048
0.000533017000000014,NaN,0.000187663000000015,2.9353e-05,0.00039057,0.000383198,0.000355697,0.000354635,0.000385702
0.000564753000000014,NaN,0.000223948000000015,4.4407e-05,0.000423548,0.000428795,0.000411365,0.00041207,0.000406698
0.000617777000000014,NaN,0.000278316000000015,8.9144e-05,0.000480926,0.000459707,0.000453795,0.00049883,0.000438854
0.000621176000000014,0,0.000298748000000015,9.7251e-05,0.000506825,0.000492728,0.000473612,0.000502433,0.000520654
0.000669220000000014,5.84e-05,0.000349685000000015,0.000186394,0.000552064,0.000507456,0.00053905,0.00056113,0.000529694
0.000738326000000014,5.39e-05,0.000370919000000015,0.000227286,0.000582188,0.000550896,0.000522381,0.000592775,0.000580254
0.000755332000000014,0.00010882,0.000415447000000015,0.000283545,0.000607019,0.000573527,0.000543805,0.000690612,0.000623654
0.000796127000000014,0.000146365,0.000450176000000015,0.000352867,0.000651619,0.000578624,0.000608224,0.000708413,0.000629054
0.000822939000000014,0.00018813,0.000475186000000015,0.000379602,0.000693499,0.000629313,0.000663124,0.000713224,0.000687827
0.000848558000000014,0.000234122,0.000519923000000015,0.000430435,0.000716019,0.000684445,0.000687624,0.000786473,0.000774572
0.000900160000000014,0.000279538,0.000545336000000015,0.000475115,0.000757419,0.000730943,0.000723124,0.000791039,0.000808896
0.000946932000000014,0.000319787,0.000607125000000015,0.000508443,0.000791219,0.000753308,0.000767758,0.000855198,0.000838
0.000968868000000014,0.000333744,0.000640756000000015,0.000544289,0.000834097,0.000786591,0.000787596,0.000935737,0.000886494
0.000998761000000014,0.000393767,0.000689686000000015,0.000571989,0.000863247,0.000837479,0.000811444,0.000995961,0.000924914
0.00103647000000001,0.000455219,0.000719532000000015,0.000612559,0.000908788,0.000882187,0.000877295,0.001058732,0.000948867
0.00106664000000001,0.000486887,0.000747817000000015,0.000680889,0.000933402,0.00090813,0.000906706,0.001047412,0.000979771
0.00109815000000001,0.000512281,0.000778762000000015,0.000677689,0.000978129,0.000931602,0.000888669,0.001113233,0.001054411
0.00112797000000001,0.00054677,0.000818669000000015,0.00076781,0.000993444,0.000987505,0.000946706,0.001163756,0.001114912
0.00119869000000001,0.000598706,0.000836135000000015,0.000789433,0.001054886,0.000987667,0.00099156,0.001235277,0.001114216
0.00122529000000001,0.000611625,0.000895177000000015,0.000836195,0.001090319,0.001034513,0.001021657,0.001301807,0.001176189
0.00126351000000001,0.000659754,0.000927386000000015,0.000862484,0.001118057,0.001060899,0.001049078,0.001334147,0.001191317
0.00129681000000001,0.000701236,0.000964391000000015,0.00090282,0.001176392,0.00109955,0.001096214,0.001360737,0.001230957
0.00134301000000001,0.000728938,0.00103112000000001,0.000906274,0.001230809,0.001129256,0.001135245,0.001404887,0.001282099
0.00138232000000001,0.000776282,0.00105860000000001,0.000970846,0.001275863,0.001161649,0.001145024,0.001416777,0.001327584
0.00144378000000001,0.000795626,0.00107909000000001,0.001006784,0.001333577,0.00121992,0.001176175,0.001482237,0.001369092
0.00146335000000001,0.000840794,0.00113816000000001,0.001046686,0.0013544,0.001253561,0.001246527,0.001474977,0.001444373
0.00148201000000001,0.000878269,0.00116719000000001,0.001087786,0.001389723,0.001271101,0.001285813,0.001501077,0.001430946
0.00152213000000001,0.00092864,0.00121989000000001,0.001149138,0.00144378,0.001326378,0.001323007,0.001558617,0.001462811
0.00155472000000001,0.000957971,0.00126221000000001,0.001178892,0.001470046,0.001377768,0.001374828,0.001650207,0.001501677
0.00161130000000001,0.0009919,0.00131188000000001,0.001238951,0.001525262,0.001399098,0.001410716,0.001695527,0.001592414
0.00164261000000001,0.00105235,0.00135382000000001,0.001266919,0.001539658,0.001448498,0.001419008,0.001725487,0.001627794
0.00168911000000001,0.00105412,0.00137065000000001,0.001313478,0.001574756,0.001492038,0.001486214,0.001775297,0.001643974
0.00172865000000001,0.00109178,0.00140708000000001,0.001353403,0.00161796,0.001545828,0.001515932,0.001798687,0.001667534
0.00174898000000001,0.00111969,0.00145278000000001,0.00137343,0.001664568,0.001551128,0.001524551,0.001849757,0.001727884
0.00178940000000001,0.0011654,0.00151365000000001,0.001415763,0.001684441,0.001606668,0.001568915,0.001906517,0.001778524
0.00183924000000001,0.00119844,0.00154662000000001,0.00146769,0.001744289,0.001643178,0.001615815,0.001951507,0.001841364
0.00186511000000001,0.00122056,0.00157302000000001,0.001499442,0.001762199,0.001682778,0.001680984,0.001984647,0.001794934
0.00189597000000001,0.00127408,0.00162739000000001,0.001555123,0.001795049,0.001718818,0.001705354,0.002038097,0.001865114
0.00192311000000001,0.00130716,0.00165963000000001,0.001559884,0.001822479,0.001773658,0.001712964,0.002051007,0.001936634
0.00196291000000001,0.00132701,0.00169838000000001,0.001621809,0.001895409,0.001820878,0.001774164,0.002062767,0.001985784
0.00200098000000001,0.00136787,0.00171856000000001,0.001680649,0.001917219,0.001807718,0.001805794,0.002111047,0.002017904
0.00204798000000001,0.00140369,0.00177594000000001,0.001706469,0.001925439,0.001834048,0.001840534,0.002159707,0.002058824
0.00207664000000001,0.0014409,0.00182455000000001,0.001763339,0.001965679,0.001893988,0.001875924,0.002262417,0.002102554
0.00211189000000001,0.00148156,0.00187515000000001,0.001797269,0.002033659,0.001921358,0.001937234,0.002272527,0.002136484
0.00216219000000001,0.00151731,0.00190831000000001,0.001820189,0.002050569,0.001987148,0.001999104,0.002318657,0.002166464
0.00220451000000001,0.00155634,0.00194756000000001,0.001875269,0.002121649,0.002000738,0.001998314,0.002326107,0.002189414
0.00224891000000001,0.00159615,0.00199766000000001,0.001911659,0.002144119,0.002038948,0.002061924,0.002344287,0.002257614
0.00228536000000001,0.00164133,0.00204283000000001,0.001937639,0.002173899,0.002104308,0.002069964,0.002417917,0.002254594
0.00229898000000001,0.00168125,0.00207446000000001,0.001973319,0.002211899,0.002144668,0.002138944,0.002428857,0.002339694
0.00236269000000001,0.00172967,0.00210341000000001,0.001991109,0.002251279,0.002152478,0.002157374,0.002507787,0.002361544
0.00241607000000001,0.00175732,0.00214243000000001,0.002035179,0.002311269,0.002192128,0.002216344,0.002537377,0.002389884
0.00244401000000001,0.00180235,0.00216892000000001,0.002077559,0.002353769,0.002264448,0.002249074,0.002566217,0.002407454
0.00247697000000001,0.00184419,0.00220825000000001,0.002134579,0.002392199,0.002268708,0.002271954,0.002612087,0.002443874
0.00251220000000001,0.00185836,0.00223832000000001,0.002167909,0.002428369,0.002337188,0.002280874,0.002646457,0.002486714
0.00253307000000001,0.00189518,0.00227321000000001,0.002196249,0.002471769,0.002350068,0.002344014,0.002744387,0.002498254
0.00258594000000001,0.00191581,0.00230867000000001,0.002212079,0.002528719,0.002376638,0.002383094,0.002778497,0.002541984
0.00261957000000001,0.00196303,0.00234334000000001,0.002271749,0.002582869,0.002435398,0.002451094,0.002830757,0.002593904
0.00265158000000001,0.00201477,0.00237838000000001,0.002280869,0.002619869,0.002438588,0.002480734,0.002831647,0.002624894
0.00269405000000001,0.00204435,0.00242586000000001,0.002365159,0.002668879,0.002487128,0.002507594,0.002912857,0.002693344
0.00273917000000001,0.00207998,0.00245001000000001,0.002401319,0.002686959,0.002541178,0.002545684,0.002938447,0.002714524
0.00277297000000001,0.00208709,0.00248394000000001,0.002457769,0.002728729,0.002574608,0.002537264,0.003002697,0.002754964
0.00280724000000001,0.00213503,0.00251345000000001,0.002492519,0.002756589,0.002622318,0.002606404,0.002994757,0.002800524
0.00285395000000001,0.00219941,0.00256970000000001,0.002557059,0.002775249,0.002681738,0.002651854,0.003060667,0.002846494
0.00288860000000001,0.0022129,0.00262276000000001,0.002572649,0.002840909,0.002724838,0.002679264,0.003055337,0.002901224
0.00292244000000001,0.00225435,0.00261435000000001,0.002630009,0.002879719,0.002765898,0.002708114,0.003066967,0.002897404
0.00296223000000001,0.00230019,0.00267440000000001,0.002643689,0.002934529,0.002802628,0.002715724,0.003149837,0.002972484
0.00300282000000001,0.00232367,0.00271179000000001,0.002680659,0.002947739,0.002853088,0.002789444,0.003184837,0.003019054
0.00304323000000001,0.00234587,0.00274894000000001,0.002724509,0.002979579,0.002886768,0.002799344,0.003218237,0.003026204
0.00307019000000001,0.00237573,0.00280326000000001,0.002757429,0.003044169,0.002911988,0.002857654,0.003286237,0.003082324
0.00311453000000001,0.00242992,0.00282259000000001,0.002815069,0.003099989,0.002963178,0.002884234,0.003338357,0.003112434
0.00316161000000001,0.00246888,0.00285877000000001,0.002869609,0.003123609,0.002963318,0.003005404,0.003343027,0.003161614
0.00320537000000001,0.00249911,0.00288343000000001,0.002881799,0.003169069,0.003012698,0.002940414,0.003430117,0.003179824
0.00325630000000001,0.00256019,0.00292564000000001,0.002928549,0.003203139,0.003046248,0.002960704,0.003434117,0.003228814
0.00329595000000001,0.00259222,0.00295940000000001,0.002939239,0.003260559,0.003070688,0.003021114,0.003474717,0.003276474
0.00332451000000001,0.0026276,0.00300433000000001,0.003025769,0.003295159,0.003109678,0.003084254,0.003463877,0.003302514
0.00336690000000001,0.00266551,0.00302474000000001,0.003064189,0.003339269,0.003140358,0.003113414,0.003495647,0.003342654
0.00339959000000001,0.00267646,0.00307630000000001,0.003100219,0.003369949,0.003173928,0.003136774,0.003519617,0.003364704
0.00343621000000001,0.0027141,0.00310816000000001,0.003149559,0.003409389,0.003236418,0.003196664,0.003585847,0.003436884
0.00346703000000001,0.00275711,0.00314555000000001,0.003176129,0.003462299,0.003224258,0.003215854,0.003669547,0.003491834
0.00351285000000001,0.00280533,0.00318349000000001,0.003221549,0.003484039,0.003298488,0.003277214,0.003730037,0.003506864
0.00355408000000001,0.00283623,0.00320684000000001,0.003247939,0.003536899,0.003333188,0.003289704,0.003723437,0.003592544
0.00357694000000001,0.00289089,0.00324184000000001,0.003299469,0.003586869,0.003377728,0.003354904,0.003761127,0.003604354
0.00361797000000001,0.00292523,0.00326507000000001,0.003333509,0.003611289,0.003422028,0.003421584,0.003800977,0.003644864
0.00366436000000001,0.00295754,0.00330990000000001,0.003358099,0.003678679,0.003459598,0.003449704,0.003833247,0.003727824
0.00371240000000001,0.00298621,0.00335755000000001,0.003419139,0.003694029,0.003506788,0.003492344,0.003859067,0.003743384
0.00372919000000001,0.0030412,0.00338466000000001,0.003437359,0.003730619,0.003542428,0.003498704,0.003911447,0.003807614
0.00377224000000001,0.0030716,0.00343069000000001,0.003464499,0.003775589,0.003563778,0.003557444,0.003968257,0.003817324
0.00382404000000001,0.00310554,0.00347457000000001,0.003520289,0.003797199,0.003612808,0.003558944,0.003993707,0.003892394
0.00387922000000001,0.00315339,0.00351614000000001,0.003577529,0.003876599,0.003657888,0.003612494,0.004100867,0.003918444
0.00391681000000001,0.00320332,0.00355259000000001,0.003599179,0.003887869,0.003690928,0.003648104,0.004134937,0.003957704
0.00395454000000001,0.00325039,0.00358038000000001,0.003636989,0.003947819,0.003735018,0.003695144,0.004181187,0.003940434
0.00398552000000001,0.00328983,0.00360247000000001,0.003654349,0.003968259,0.003778208,0.003769694,0.004218967,0.004065784
0.00404238000000001,0.0033201,0.00364391000000001,0.003711529,0.004013649,0.003802968,0.003752254,0.004292067,0.004097814
0.00409546000000001,0.00334545,0.00369708000000001,0.003730419,0.004046949,0.003843228,0.003825054,0.004286527,0.004158084
0.00413818000000001,0.00339339,0.00372258000000001,0.003781339,0.004094899,0.003860758,0.003844694,0.004373047,0.004180344
0.00416962000000001,0.00342444,0.00376584000000001,0.003830789,0.004122559,0.003921608,0.003909364,0.004404107,0.004223764
0.00423305000000001,0.0034644,0.00379781000000001,0.003842689,0.004161429,0.003955628,0.003881984,0.004451767,0.004269004
0.00425033000000001,0.00350235,0.00383100000000001,0.003855309,0.004198919,0.003996378,0.003953554,0.004464727,0.004310194
0.00430232000000001,0.00353221,0.00388801000000001,0.003924059,0.004237139,0.004062348,0.003988754,0.004502257,0.004345864
0.00433003000000001,0.00357822,0.00392287000000001,0.003948749,0.004283039,0.004067478,0.004025834,0.004484637,0.004399424
0.00435362000000001,0.00363447,0.00397946000000001,0.003987249,0.004317619,0.004096208,0.004075844,0.004540597,0.004425174
0.00441451000000001,0.0036575,0.00402382000000001,0.004034899,0.004368869,0.004135718,0.004062274,0.004627927,0.004459964
0.00443498000000001,0.00369774,0.00405084000000001,0.004088079,0.004403999,0.004189668,0.004100484,0.004674127,0.004501514
0.00446777000000001,0.00371889,0.00410105000000001,0.004105279,0.004430109,0.004215758,0.004131744,0.004700237,0.004560744
0.00452364000000001,0.00376986,0.00413888000000001,0.004169259,0.004490609,0.004223038,0.004176304,0.004668707,0.004604104
0.00455844000000001,0.0038001,0.00419119000000001,0.004219589,0.004538099,0.004283248,0.004219624,0.004716407,0.004689074
0.00460364000000001,0.00384343,0.00422924000000002,0.004253249,0.004571669,0.004309408,0.004276784,0.004740727,0.004667214
0.00462766000000001,0.00386518,0.00426784000000001,0.004281879,0.004608809,0.004360758,0.004290204,0.004791167,0.004731444
0.00468069000000001,0.00391121,0.00429950000000002,0.004304319,0.004651619,0.004376748,0.004338594,0.004865237,0.004754464
0.00470174000000001,0.00396854,0.00433914000000001,0.004360919,0.004689019,0.004430758,0.004397624,0.004849547,0.004767064
0.00473463000000001,0.00400246,0.00439215000000001,0.004397059,0.004730359,0.004445108,0.004409444,0.004892397,0.004871414
0.00477567000000001,0.00405163,0.00441807000000001,0.004462789,0.004779759,0.004503888,0.004485354,0.004935227,0.004890854
0.00481804000000001,0.00408842,0.00445842000000002,0.004518139,0.004801169,0.004533178,0.004513704,0.004947047,0.004917124
0.00487122000000001,0.00412377,0.00449627000000001,0.004565679,0.004861229,0.004561238,0.004514654,0.004997607,0.004947644
0.00493501000000001,0.00418073,0.00453888000000002,0.004561059,0.004897309,0.004595038,0.004571854,0.005045327,0.004982224
0.00496237000000001,0.00422511,0.00457213000000001,0.004632469,0.004957769,0.004641188,0.004619374,0.005105427,0.005017204
0.00498878000000001,0.00426542,0.00460568000000001,0.004673289,0.005000089,0.004703468,0.004630514,0.005137247,0.005072254
0.00502747000000001,0.00428872,0.00462529000000001,0.004721089,0.005055729,0.004720818,0.004642894,0.005176457,0.005096944
0.00505797000000001,0.00434649,0.00466507000000002,0.004749569,0.005096359,0.004761408,0.004718364,0.005233417,0.005132454
0.00508109000000001,0.00436275,0.00469248000000001,0.004804679,0.005139489,0.004809918,0.004733164,0.005228377,0.005184684
0.00511890000000001,0.00439583,0.00473946000000001,0.004842989,0.005160949,0.004840378,0.004773784,0.005364187,0.005194564
0.00515696000000001,0.00441034,0.00476955000000001,0.004858199,0.005206339,0.004858408,0.004791414,0.005388607,0.005255084
0.00520324000000001,0.00445245,0.00480590000000001,0.004932189,0.005236099,0.004908098,0.004860574,0.005404177,0.005284724
0.00524373000000001,0.00447693,0.00485429000000001,0.004987189,0.005282589,0.004908788,0.004923704,0.005431497,0.005328904
0.00530345000000001,0.00451123,0.00486667000000001,0.005005999,0.005330189,0.004955988,0.004950054,0.005449817,0.005381934
0.00533409000000001,0.00455142,0.00491483000000001,0.005063429,0.005366489,0.004989668,0.005016954,0.005491287,0.005397724
0.00537133000000001,0.00459331,0.00497037000000001,0.005115879,0.005396949,0.005057408,0.005086934,0.005545137,0.005465434
0.00543470000000001,0.0046406,0.00500449000000002,0.005158009,0.005454469,0.005091628,0.005034274,0.005584287,0.005509734
0.00547271000000001,0.00469038,0.00503709000000001,0.005216309,0.005546099,0.005130808,0.005107464,0.005586167,0.005523274
0.00550500000000001,0.00471178,0.00508294000000001,0.005294119,0.005557589,0.005156998,0.005128034,0.005693507,0.005609644
0.00554498000000001,0.0047759,0.00512669000000001,0.005313559,0.005586859,0.005198778,0.005189024,0.005748147,0.005619744
0.00557743000000001,0.00480198,0.00517337000000001,0.005345699,0.005601349,0.005238188,0.005234564,0.005768137,0.005668014
0.00560972000000001,0.00486741,0.00520793000000002,0.005368839,0.005649029,0.005267988,0.005272264,0.005758597,0.005708534
0.00565538000000001,0.00489769,0.00522999000000002,0.005431969,0.005689659,0.005322258,0.005290744,0.005783457,0.005746064
0.00569747000000001,0.00494345,0.00527280000000001,0.005486499,0.005703039,0.005363158,0.005334164,0.005823087,0.005793804
0.00573865000000001,0.00498197,0.00534753000000001,0.005551839,0.005737559,0.005394768,0.005370224,0.005876347,0.005863804
0.00579218000000001,0.00502847,0.00536704000000001,0.005559319,0.005786849,0.005441628,0.005436044,0.005987937,0.005895214
0.00583576000000001,0.00505198,0.00541437000000001,0.005603149,0.005844959,0.005460428,0.005467374,0.006020647,0.005923734
0.00586246000000001,0.00510874,0.00546077000000001,0.005637969,0.005857399,0.005506078,0.005497784,0.006026867,0.005955834
0.00589057000000001,0.00511725,0.00547644000000001,0.005691309,0.005899279,0.005558028,0.005548124,0.006057307,0.006024234
0.00591601000000001,0.00516574,0.00551927000000001,0.005723149,0.005901409,0.005584318,0.005573144,0.006129767,0.006074214
0.00597820000000001,0.00520209,0.00554384000000002,0.005763859,0.005986739,0.005632588,0.005631464,0.006148447,0.006131944
0.00600191000000001,0.00521363,0.00559249000000002,0.005796599,0.005986389,0.005661438,0.005665624,0.006176187,0.006151774
0.00603371000000001,0.00525239,0.00563830000000001,0.005834259,0.006046909,0.005692458,0.005670864,0.006230787,0.006180514
0.00607698000000001,0.0053158,0.00567496000000001,0.005872639,0.006096709,0.005735688,0.005719634,0.006340537,0.006203884
0.00612980000000001,0.00534036,0.00571869000000001,0.005916959,0.006124509,0.005767868,0.005722004,0.006394127,0.006250094
0.00616366000000001,0.00537682,0.00575055000000001,0.005975389,0.006142529,0.005789788,0.005781084,0.006435867,0.006303274
0.00619620000000001,0.00540718,0.00578578000000001,0.006034099,0.006230319,0.005830938,0.005790534,0.006472177,0.006322234
0.00621726000000001,0.00543305,0.00582498000000001,0.006076849,0.006255649,0.005902128,0.005858644,0.006526037,0.006374864
0.00628618000000001,0.0054701,0.00587506000000001,0.006101439,0.006276649,0.005938178,0.005866034,0.006538967,0.006410414
0.00631578000000001,0.00550011,0.00590876000000001,0.006129479,0.006335689,0.005966448,0.005961124,0.006517507,0.006443374
0.00634121000000001,0.00553476,0.00593622000000001,0.006196709,0.006382819,0.005997428,0.005980414,0.006603347,0.006486964
0.00640861000000001,0.0055808,0.00600814000000002,0.006229009,0.006429109,0.006039718,0.006032584,0.006615797,0.006567614
0.00642477000000001,0.00559629,0.00606030000000001,0.006266119,0.006470949,0.006056788,0.006062124,0.006687947,0.006617624
0.00648599000000001,0.00564705,0.00607198000000002,0.006337979,0.006496179,0.006078628,0.006104654,0.006697407,0.006647674
0.00650426000000001,0.00569336,0.00611766000000001,0.006370429,0.006539819,0.006135278,0.006165664,0.006743117,0.006687374
0.00653698000000001,0.00572285,0.00615931000000002,0.006411939,0.006600159,0.006176838,0.006180844,0.006811427,0.006717124
0.00656903000000001,0.00574707,0.00619800000000002,0.006475819,0.006631919,0.006229478,0.006184054,0.006860747,0.006765104
0.00660799000000001,0.0057974,0.00622181000000002,0.006511069,0.006647479,0.006260798,0.006217014,0.006913647,0.006775094
0.00664353000000001,0.00583714,0.00628066000000002,0.006542139,0.006719899,0.006290578,0.006251304,0.006941107,0.006849044
0.00667029000000001,0.00585716,0.00630463000000002,0.006576329,0.006749039,0.006311378,0.006289054,0.006979687,0.006861254
0.00674242000000001,0.00588907,0.00636855000000001,0.006614509,0.006790369,0.006354028,0.006344784,0.007031717,0.006927034
0.00679539000000001,0.00592729,0.00639962000000001,0.006686559,0.006837949,0.006402708,0.006372594,0.007044377,0.006959674
0.00681985000000001,0.00596499,0.00643325000000001,0.006725959,0.006877639,0.006448708,0.006453334,0.007058497,0.007018634
0.00687421000000001,0.00599187,0.00648458000000001,0.006776299,0.006902019,0.006486708,0.006511464,0.007060007,0.007057014
0.00691452000000001,0.00605761,0.00651501000000001,0.006783989,0.006963519,0.006499338,0.006492924,0.007109017,0.007091004
0.00694833000000001,0.00609362,0.00654591000000002,0.006816379,0.007008969,0.006539228,0.006543544,0.007148957,0.007127084
0.00698775000000001,0.00612555,0.00658398000000001,0.006834489,0.007027739,0.006615508,0.006591534,0.007200207,0.007159794
0.00704351000000001,0.00618855,0.00659804000000002,0.006903009,0.007074849,0.006608618,0.006640794,0.007215457,0.007219264
0.00707352000000001,0.00623308,0.00663552000000001,0.006928519,0.007103759,0.006642868,0.006681744,0.007285117,0.007275954
0.00713570000000001,0.00626037,0.00667552000000001,0.006991759,0.007136179,0.006674438,0.006674004,0.007336857,0.007298914
0.00716453000000001,0.00631772,0.00672115000000002,0.007034159,0.007174259,0.006699488,0.006760804,0.007377287,0.007341944
0.00719022000000001,0.00634371,0.00675834000000001,0.007060189,0.007219639,0.006753178,0.006802224,0.007407317,0.007398724
0.00721969000000001,0.00637711,0.00678889000000001,0.007066699,0.007263499,0.006786108,0.006865124,0.007451097,0.007418894
0.00726334000000001,0.00640836,0.00684792000000002,0.007117599,0.007301999,0.006829768,0.006876404,0.007477367,0.007433964
0.00730317000000001,0.00647101,0.00688564000000001,0.007159069,0.007356649,0.006861368,0.006913234,0.007522837,0.007490014
0.00734637000000001,0.0065102,0.00689475000000001,0.007182169,0.007414669,0.006911578,0.006969384,0.007581677,0.007504804
0.00738405000000001,0.00654805,0.00694458000000001,0.007235939,0.007427109,0.006946098,0.006972454,0.007648537,0.007559724
0.00740772000000001,0.00659342,0.00696797000000002,0.007291069,0.007463359,0.006982308,0.007075134,0.007677917,0.007582814
0.00747546000000001,0.006644,0.00701277000000001,0.007321949,0.007507209,0.007023178,0.007093844,0.007649887,0.007607824
0.00751362000000001,0.00668513,0.00705872000000001,0.007366749,0.007541869,0.007052678,0.007177534,0.007710307,0.007662974
0.00754340000000001,0.00670428,0.00708284000000001,0.007393759,0.007591669,0.007124348,0.007168914,0.007727467,0.007715494
0.00758166000000001,0.00674279,0.00713018000000001,0.007451419,0.007617739,0.007122528,0.007208194,0.007764967,0.007753574
0.00761595000000001,0.0068175,0.00716713000000001,0.007509119,0.007671969,0.007154908,0.007267744,0.007798497,0.007770324
0.00766582000000001,0.00683293,0.00720879000000001,0.007540179,0.007670889,0.007174388,0.007257624,0.007876017,0.007829394
0.00769302000000001,0.00688686,0.00724142000000001,0.007575759,0.007706509,0.007215638,0.007317204,0.007895277,0.007861154
0.00773832000000001,0.00693303,0.00728568000000001,0.007612889,0.007755639,0.007251948,0.007385054,0.007898807,0.007895484
0.00776273000000001,0.00696556,0.00733004000000002,0.007657149,0.007796999,0.007309648,0.007445024,0.007993537,0.007940504
0.00780239000000001,0.00698987,0.00735402000000001,0.007720129,0.007815389,0.007327408,0.007401354,0.008026827,0.008014704
0.00784434000000001,0.00703716,0.00739794000000002,0.007749799,0.007889499,0.007388898,0.007466464,0.008082967,0.008029754
0.00788142000000001,0.00710606,0.00745347000000001,0.007763939,0.007909929,0.007430548,0.007510734,0.008078507,0.008111834
0.00791914000000001,0.00714518,0.00750169000000001,0.007800829,0.007957549,0.007477408,0.007555614,0.008144087,0.008135114
0.00795836000000001,0.00718761,0.00751894000000001,0.007835629,0.007978079,0.007501378,0.007586744,0.008251307,0.008161114
0.00799961000000001,0.00722792,0.00756816000000001,0.007876109,0.008040179,0.007540048,0.007595384,0.008217657,0.008208124
0.00804553000000001,0.00725282,0.00760594000000002,0.007903829,0.008060569,0.007543658,0.007617734,0.008273667,0.008263914
0.00808775000000001,0.00730685,0.00765696000000001,0.007931489,0.008126839,0.007602488,0.007707754,0.008318147,0.008320754
0.00809878000000001,0.00734075,0.00771731000000001,0.007979819,0.008178479,0.007624808,0.007730374,0.008331537,0.008356934
0.00814003000000001,0.00737216,0.00773352000000001,0.008009209,0.008210159,0.007665378,0.007780714,0.008488927,0.008409294
0.00818272000000001,0.00739054,0.00776472000000001,0.008040169,0.008229089,0.007691348,0.007796784,0.008542897,0.008443394
0.00822454000000001,0.00743492,0.00780680000000001,0.008080149,0.008256619,0.007723318,0.007832014,0.008499207,0.008466424
0.00825773000000001,0.00747294,0.00784928000000001,0.008114899,0.008324369,0.007765378,0.007885434,0.008539527,0.008517984
0.00827782000000001,0.00751766,0.00789819000000001,0.008137579,0.008373839,0.007806368,0.007906314,0.008595747,0.008575644
0.00832444000000001,0.00755706,0.00794558000000001,0.008187969,0.008408439,0.007844568,0.007937974,0.008626277,0.008630524
0.00837009000000001,0.00757117,0.00797756000000001,0.008222999,0.008463119,0.007887568,0.008008064,0.008641847,0.008647884
0.00838969000000001,0.00763247,0.00802145000000001,0.008277639,0.008539109,0.007918228,0.008014294,0.008683717,0.008664074
0.00843079000000001,0.00766505,0.00802766000000001,0.008336299,0.008529859,0.007959638,0.008070114,0.008692247,0.008747744
0.00846032000000001,0.0077179,0.00809555000000001,0.008354189,0.008565979,0.007973418,0.008084274,0.008711307,0.008755504
0.00847679000000001,0.00774709,0.00812067000000001,0.008445429,0.008620849,0.008002008,0.008141734,0.008786147,0.008799304
0.00850948000000001,0.00777799,0.00815421000000001,0.008486389,0.008651149,0.008048188,0.008191254,0.008833197,0.008851794
0.00854764000000001,0.00782611,0.00819944000000001,0.008515669,0.008698379,0.008098928,0.008185124,0.008912947,0.008890844
0.00857904000000001,0.0078574,0.00824279000000001,0.008557679,0.008721429,0.008139248,0.008241964,0.008965057,0.008920254
0.00860375000000001,0.0078915,0.00827194000000001,0.008584989,0.008763369,0.008215588,0.008250394,0.008917817,0.008986784
0.00864108000000001,0.00793936,0.00830275000000001,0.008625349,0.008802569,0.008238498,0.008314824,0.009016347,0.009026484
0.00867563000000001,0.00797969,0.00833554000000001,0.008667309,0.008848749,0.008293668,0.008363964,0.009086347,0.009064544
0.00870131000000001,0.00802681,0.00838527000000001,0.008707769,0.008881769,0.008348648,0.008380594,0.009107207,0.009097844
0.00873384000000001,0.00805178,0.00842794000000001,0.008733199,0.008896659,0.008364138,0.008412394,0.009139817,0.009149354
0.00877676000000001,0.00810078,0.00847126000000001,0.008776969,0.008960029,0.008408918,0.008436654,0.009159377,0.009185624
0.00882536000000001,0.00813164,0.00850235000000001,0.008825489,0.008995139,0.008437188,0.008516124,0.009153587,0.009229124
0.00887467000000001,0.0081836,0.00853689000000001,0.008863819,0.009025619,0.008502978,0.008537234,0.009181007,0.009298214
0.00892012000000001,0.00821985,0.00856060000000001,0.008922549,0.009067629,0.008528358,0.008575354,0.009252897,0.009319964
0.00894021000000001,0.00825682,0.00861232000000001,0.008959819,0.009088639,0.008557178,0.008598974,0.009328837,0.009364534
0.00899390000000001,0.00828584,0.00865121000000001,0.009005899,0.009138349,0.008609068,0.008655964,0.009338917,0.009423834
0.00902105000000001,0.00832678,0.00870634000000001,0.009048089,0.009188759,0.008632408,0.008673194,0.009422157,0.009441014
0.00906764000000001,0.00835196,0.00873785000000001,0.009080679,0.009224969,0.008697878,0.008736094,0.009417697,0.009502464
0.00910350000000001,0.00836483,0.00876893000000001,0.009121549,0.009272909,0.008708078,0.008761164,0.009507787,0.009525054
0.00914140000000001,0.00844101,0.00881886000000001,0.009163329,0.009320709,0.008773628,0.008770474,0.009542117,0.009560274
0.00916969000000001,0.00847851,0.00884493000000001,0.009213199,0.009331229,0.008785998,0.008839144,0.009562897,0.009584564
0.00922359000000001,0.0085259,0.00888018000000001,0.009210149,0.009382469,0.008835008,0.008857764,0.009594767,0.009657264
0.00926595000000001,0.00857312,0.00893485000000001,0.009287619,0.009405849,0.008865408,0.008901974,0.009642357,0.009673724
0.00928765000000001,0.00860858,0.00895027000000001,0.009329549,0.009451339,0.008898008,0.008911874,0.009689847,0.009723564
0.00933917000000001,0.00865947,0.00900854000000001,0.009372439,0.009465899,0.008934178,0.009000914,0.009703537,0.009740134
0.00936042000000001,0.00869385,0.00905395000000001,0.009424079,0.009521309,0.008981818,0.008995194,0.009803947,0.009793824
0.00940284000000001,0.00872489,0.00908152000000001,0.009427829,0.009558779,0.009006278,0.009060434,0.009846977,0.009814414
0.00946335000000001,0.00875261,0.00911911000000001,0.009477829,0.009605039,0.009053038,0.009109934,0.009858617,0.009884164
0.00948947000000001,0.00879463,0.00914927000000001,0.009532759,0.009635209,0.009090528,0.009121794,0.009843897,0.009912964
0.00953494000000001,0.00882753,0.00917985000000001,0.009533769,0.009682309,0.009158338,0.009175564,0.009929147,0.009962564
0.00956950000000001,0.00887639,0.00920465000000001,0.009598289,0.009719369,0.009170248,0.009219144,0.009925907,0.009956094
0.00959968000000001,0.00890663,0.00925556000000001,0.009672879,0.009769799,0.009228708,0.009282304,0.009975167,0.010030524
0.00963563000000001,0.00893902,0.00928014000000001,0.009702989,0.009796359,0.009235838,0.009312024,0.009985507,0.010072534
0.00967861000000001,0.00897827,0.00931141000000001,0.009715709,0.009811159,0.009282348,0.009315884,0.010073867,0.010111634
0.00970634000000001,0.00902641,0.00934009000000001,0.009786909,0.009853089,0.009310958,0.009342214,0.010077597,0.010154494
0.00974413000000001,0.00907676,0.00939491000000001,0.009835699,0.009902669,0.009368588,0.009450674,0.010114737,0.010178624
0.00979052000000001,0.00908744,0.00943468000000001,0.009865669,0.009946649,0.009379448,0.009438614,0.010152437,0.010199484
0.00983287000000001,0.00913782,0.00946234000000001,0.009898409,0.009961209,0.009418598,0.009479154,0.010205047,0.010237974
0.00987794000000001,0.00917137,0.00950546000000001,0.009925449,0.009997029,0.009487738,0.009525004,0.010245047,0.010295634
0.00992526000000001,0.00919307,0.00956171000000001,0.009963079,0.010034249,0.009524078,0.009545564,0.010319447,0.010333874
0.00996809000000001,0.00923768,0.00958553000000001,0.010016289,0.010054639,0.009563858,0.009604234,0.010354647,0.010387614
0.00999243000000001,0.00927533,0.00960841000000001,0.010048129,0.010112289,0.009581068,0.009610764,0.010362047,0.010429894
0.0100316,0.00930792,0.00964322000000001,0.010100339,0.010145689,0.009632968,0.009661194,0.010363247,0.010449694
0.0100809,0.00934005,0.00968136000000001,0.010136229,0.010203499,0.009668888,0.009678224,0.010480547,0.010502194
0.0101043,0.00938057,0.00973186000000001,0.010159639,0.010221579,0.009713408,0.009732934,0.010509247,0.010550854
0.0101289,0.00943359,0.00976951000000001,0.010206859,0.010257319,0.009719018,0.009784764,0.010517347,0.010577654
0.0101501,0.00945875,0.00979204000000001,0.010228099,0.010322349,0.009770928,0.009761084,0.010511947,0.010637754
0.0101956,0.00948989,0.00985207000000001,0.010269809,0.010373019,0.009806428,0.009804724,0.010561047,0.010648054
0.0102407,0.0095282,0.00988222000000001,0.010342079,0.010420959,0.009860108,0.009874484,0.010598847,0.010719054
0.0102754,0.0095604,0.00992990000000001,0.010372569,0.010443589,0.009885918,0.009889174,0.010693147,0.010757054
0.01029,0.00958934,0.00996499000000001,0.010398509,0.010485589,0.009970658,0.009919814,0.010700147,0.010780454
0.0103244,0.00966745,0.0100114,0.010448059,0.010528569,0.009989788,0.009955304,0.010789447,0.010812354
0.0103765,0.00971033,0.0100389,0.010512679,0.010561979,0.010035208,0.010007714,0.010826947,0.010869254
0.0104091,0.00974775,0.010078,0.010589189,0.010631769,0.010104148,0.010025894,0.010867347,0.010885454
0.0104476,0.00979671,0.0101151,0.010603269,0.010662439,0.010103058,0.010100964,0.010899947,0.010905754
NaN,0.00982693,0.0101774,0.010652789,0.010705219,0.010150228,0.010108424,0.010983647,0.010971554
NaN,0.009868,0.0102048,0.010676689,0.010760019,0.010163538,0.010136944,0.010980047,0.011019854
NaN,0.00989882,0.0102238,0.010749689,0.010812319,0.010199198,0.010221264,0.010979747,0.011038254
NaN,0.00992442,0.0102658,0.010779289,0.010817319,0.010233328,0.010225564,0.011072347,0.011087654
NaN,0.00996512,0.0102837,0.010825189,0.010871719,0.010266268,0.010268794,0.011100647,0.011106454
NaN,0.00998476,0.0103327,0.010859689,0.010918719,0.010291498,0.010290094,0.011161747,0.011137654
NaN,0.0100418,0.01039,0.010892689,0.010957419,0.010313698,0.010369154,0.011181247,0.011197154
NaN,0.0100896,0.0104039,0.010930589,0.010999619,0.010352598,0.010375974,0.011232547,0.011218754
NaN,0.0101397,0.0104621,0.010993089,0.011035019,0.010415298,0.010427774,0.011276647,0.011274054
NaN,0.0101615,0.0104772,0.011036389,0.011063519,0.010453098,0.010431694,0.011350047,0.011303554
NaN,0.0102019,0.0105153,0.011073689,0.011118019,0.010488398,0.010483394,0.011390547,0.011396254
NaN,0.0102446,0.0105452,0.011127389,0.011145119,0.010523398,0.010485944,0.011411747,0.011389054
NaN,0.0102809,0.0105809,0.011182689,0.011193019,0.010557798,0.010564874,0.011465247,0.011432254
NaN,0.0103248,0.0106002,0.011213889,0.011237719,0.010636698,0.010577454,0.011494547,0.011484454
NaN,0.0103626,0.0106812,0.011254889,0.011277119,0.010664098,0.010609854,0.011552647,0.011514854
NaN,0.0104097,0.0107118,0.011287489,0.011292119,0.010723198,0.010687624,0.011602247,0.011592154
NaN,0.010459,0.0107316,0.011343689,0.011356919,0.010736998,0.010694924,0.011638947,0.011632354
NaN,0.0105012,0.0107675,0.011381189,0.011377319,0.010793398,0.010723724,0.011689347,0.011658154
NaN,0.010538,0.0108261,0.011423189,0.011411219,0.010818798,0.010776224,0.011732147,0.011714354
NaN,0.0105504,0.0108474,0.011477989,0.011473719,0.010858298,0.010809724,0.011757747,0.011752254
NaN,0.0105945,0.0108881,0.011517389,0.011511119,0.010869398,0.010859824,NaN,0.011755554
NaN,0.0106363,0.0109216,0.011571089,0.011531619,0.010930598,0.010860424,NaN,0.011789754
NaN,0.0106531,0.010978,0.011605989,0.011590919,0.010990198,0.010928424,NaN,0.011862554
NaN,0.0106989,0.0110295,0.011641689,0.011638819,0.011012998,0.010927924,NaN,0.011917054
NaN,0.0107371,0.0110601,0.011696489,0.011673619,0.011049798,0.010963024,NaN,0.011926254
NaN,0.0107756,0.0111016,0.011708189,0.011721919,0.011080598,0.011004224,NaN,0.011995054
NaN,0.0108128,0.0111363,0.011766889,0.011749519,0.011110298,0.011048424,NaN,0.012002954
NaN,0.0108478,0.0111733,0.011799689,0.011812019,0.011178998,0.011104324,NaN,0.012027654
NaN,0.0108936,0.011214,0.011834089,0.011850419,0.011188998,0.011132324,NaN,0.012077154
NaN,0.0109333,0.011247,0.011872389,0.011862119,0.011251498,0.011177324,NaN,0.012114754
NaN,0.0109324,0.0112881,0.011927789,0.011879919,0.011278198,0.011217924,NaN,0.012165954
NaN,0.0109887,0.0113014,0.011950389,0.011928119,0.011328098,0.011298224,NaN,0.012196354
NaN,0.0110293,0.0113656,0.012012689,0.011960119,0.011352398,0.011273624,NaN,0.012278454
NaN,0.0110732,0.0114144,0.012055989,0.012010319,0.011379398,0.011368924,NaN,0.012274154
NaN,0.0111171,0.0114387,0.012083489,0.012073819,0.011438798,0.011409024,NaN,0.012330354
NaN,0.0111547,0.0114788,0.012123889,0.012120719,0.011461598,0.011433024,NaN,0.012359254
NaN,0.0111886,0.0115318,0.012152589,0.012142919,0.011469598,0.011481824,NaN,0.012380654
NaN,0.0112226,0.0115751,0.012208889,0.012174919,0.011528198,0.011506424,NaN,0.012416454
NaN,0.0112761,0.0116335,0.012253289,0.012226819,0.011591298,0.011573824,NaN,0.012464454
NaN,0.011327,0.0116711,0.012244789,0.012282819,0.011635698,0.011609224,NaN,0.012521254
NaN,0.0113568,0.011697,0.012320489,0.012311119,0.011671798,0.011643224,NaN,0.012552054
NaN,0.0113962,0.011743,0.012338289,0.012354319,0.011715998,0.011673824,NaN,0.012614154
NaN,0.0114271,0.0117832,0.012403089,0.012388819,0.011749098,0.011707624,NaN,0.012654554
NaN,0.0114718,0.0118286,0.012443389,0.012418319,0.011776998,0.011764624,NaN,0.012682454
NaN,0.0115115,0.0118663,0.012493389,0.012466119,0.011804598,0.011778324,NaN,0.012727554
NaN,0.0115475,0.0118918,0.012566289,0.012502019,0.011832898,0.011848324,NaN,0.012740454
NaN,0.0116134,0.0119443,0.012587289,0.012530619,0.011879198,0.011835924,NaN,0.012813054
NaN,0.0116323,0.0119704,0.012637489,0.012582119,0.011914698,0.011891624,NaN,0.012834654
NaN,0.0116714,0.0120081,0.012680389,0.012632019,0.011973698,0.011945724,NaN,0.012886254
NaN,0.0117135,0.0120316,0.012707989,0.012656919,0.012012998,0.011982224,NaN,0.012891554
NaN,0.011765,0.0120837,0.012757489,0.012709919,0.012065098,0.012007524,NaN,0.012971054
NaN,0.0117996,0.0121002,0.012818189,0.012746619,0.012077798,0.012045724,NaN,0.012998054
NaN,0.0118402,0.0121595,0.012834089,0.012775119,0.012111798,0.012083324,NaN,0.013054054
NaN,0.0118759,0.0121794,0.012867389,0.012856219,0.012165098,0.012090424,NaN,0.013064154
NaN,0.011934,0.0122138,0.012891989,0.012862219,0.012222398,0.012161424,NaN,0.013109454
NaN,0.0119581,0.0122545,0.012936989,0.012900219,0.012193098,0.012191424,NaN,0.013134054
NaN,0.011985,0.0122899,0.012959789,0.012938019,0.012247498,0.012205824,NaN,0.013210754
NaN,0.0120357,0.0123008,0.013046489,0.012976719,0.012308398,0.012243224,NaN,0.013243754
NaN,0.0120808,0.0123467,0.013093389,0.012995919,0.012343298,0.012292424,NaN,0.013309154
NaN,0.0121248,0.012369,0.013124289,0.013061519,0.012389598,0.012289724,NaN,0.013339354
NaN,0.0121518,0.0124077,0.013164289,0.013106219,0.012441198,0.012350724,NaN,0.013378654
NaN,0.0122005,0.0124384,0.013227389,0.013153519,0.012420698,0.012436324,NaN,0.013426954
NaN,0.0122538,0.0124682,0.013252889,0.013185419,0.012470398,0.012429024,NaN,0.013461754
NaN,0.0123046,0.0125014,0.013284289,0.013227919,0.012503198,0.012503424,NaN,0.013519854
NaN,0.0123461,0.0125424,0.013299089,0.013260819,0.012534798,0.012505924,NaN,0.013599054
NaN,0.0123899,0.01258,0.013346789,0.013299919,0.012576698,0.012514924,NaN,0.013609954
NaN,0.0124337,0.0125993,0.013399789,0.013341419,0.012631698,0.012611524,NaN,0.013630354
NaN,0.0124657,0.0126464,0.013431189,0.013360019,0.012656198,0.012625924,NaN,0.013692454
NaN,0.0124948,0.0126531,0.013460989,0.013410919,0.012697598,0.012641624,NaN,0.013748354
NaN,0.0125394,0.0126875,0.013500389,0.013464919,0.012713798,0.012731124,NaN,0.013799754
NaN,0.0125679,0.0127312,0.013505989,0.013475119,0.012746098,0.012723824,NaN,0.013843754
NaN,0.0126059,0.0127728,0.013546989,0.013509519,0.012756798,0.012773224,NaN,0.013891554
NaN,0.0126562,0.012808,0.013593689,0.013532719,0.012806698,0.012821124,NaN,0.013916254
NaN,0.0126946,0.0128391,0.013628189,0.013534319,0.012866498,0.012866724,NaN,0.013958654
NaN,0.0127211,0.0128918,0.013685789,0.013571219,0.012886198,0.012878324,NaN,0.013982754
NaN,0.0127715,0.0129495,0.013713389,0.013628419,0.012878498,0.012941224,NaN,0.014021854
NaN,0.0128061,0.0129814,0.013801789,0.013655719,0.012960698,0.012933524,NaN,0.014025454
NaN,0.0128513,NaN,0.013787789,0.013679219,0.012993398,0.013016124,NaN,0.014101354
NaN,0.012896,NaN,0.013859789,0.013759719,0.013069498,0.013058624,NaN,0.014127854
NaN,0.0129331,NaN,0.013903089,0.013806219,0.013060498,0.013106324,NaN,0.014149654
NaN,0.0129656,NaN,0.013937389,0.013863319,0.013089298,0.013140824,NaN,0.014205254
NaN,0.0130143,NaN,0.013968589,0.013907219,0.013112598,0.013163524,NaN,0.014263854
NaN,0.0130488,NaN,0.013995189,0.013928719,0.013151698,0.013229124,NaN,0.014329954
NaN,0.0130917,NaN,0.014019189,0.013972619,0.013188098,0.013289524,NaN,0.014338154
NaN,0.013152,NaN,0.014050489,0.014003719,0.013210198,0.013315324,NaN,0.014384954
NaN,0.013162,NaN,0.014086089,0.014060219,0.013271198,0.013333324,NaN,0.014395354
NaN,0.0132161,NaN,0.014121389,0.014069719,0.013310798,0.013395524,NaN,0.014472954
NaN,0.0132612,NaN,0.014192889,0.014142419,0.013343398,0.013410424,NaN,0.014491754
NaN,NaN,NaN,0.014218989,0.014165519,0.013369498,0.013463724,NaN,0.014553754
NaN,NaN,NaN,0.014261989,0.014200519,0.013450298,0.013494824,NaN,0.014567654
NaN,NaN,NaN,0.014288389,0.014224819,0.013457898,0.013500924,NaN,0.014585354
NaN,NaN,NaN,0.014322489,0.014301019,NaN,0.013556924,NaN,0.014615654
NaN,NaN,NaN,0.014375589,0.014348919,NaN,0.013592524,NaN,0.014651454
NaN,NaN,NaN,0.014429889,0.014390819,NaN,0.013651624,NaN,0.014710254
NaN,NaN,NaN,NaN,0.014448219,NaN,0.013688624,NaN,0.014737854
NaN,NaN,NaN,NaN,0.014465919,NaN,0.013693324,NaN,0.014794254
NaN,NaN,NaN,NaN,0.014498319,NaN,0.013714224,NaN,0.014832854
NaN,NaN,NaN,NaN,0.014543719,NaN,0.013749824,NaN,0.014872254
NaN,NaN,NaN,NaN,0.014555219,NaN,0.013808124,NaN,0.014931054
NaN,NaN,NaN,NaN,0.014623819,NaN,0.013824024,NaN,0.014942654
NaN,NaN,NaN,NaN,0.014640719,NaN,0.013890324,NaN,0.014982054
NaN,NaN,NaN,NaN,0.014663519,NaN,0.013906424,NaN,0.015023254
NaN,NaN,NaN,NaN,0.014715719,NaN,0.013958224,NaN,0.015101554
NaN,NaN,NaN,NaN,0.014777519,NaN,0.014031824,NaN,0.015117254
NaN,NaN,NaN,NaN,0.014807819,NaN,0.014050124,NaN,0.015135754
NaN,NaN,NaN,NaN,0.014855419,NaN,0.014066524,NaN,0.015210054
NaN,NaN,NaN,NaN,0.014911319,NaN,0.014088324,NaN,0.015213654
NaN,NaN,NaN,NaN,0.014927819,NaN,0.014111824,NaN,0.015277154
NaN,NaN,NaN,NaN,0.014983619,NaN,0.014140024,NaN,0.015304554
NaN,NaN,NaN,NaN,NaN,NaN,0.014237524,NaN,0.015362554
NaN,NaN,NaN,NaN,NaN,NaN,0.014255724,NaN,0.015393254
NaN,NaN,NaN,NaN,NaN,NaN,0.014272024,NaN,NaN
NaN,NaN,NaN,NaN,NaN,NaN,0.014308324,NaN,NaN
NaN,NaN,NaN,NaN,NaN,NaN,0.014342924,NaN,NaN
NaN,NaN,NaN,NaN,NaN,NaN,0.014347024,NaN,NaN
NaN,NaN,NaN,NaN,NaN,NaN,0.014434624,NaN,NaN
NaN,NaN,NaN,NaN,NaN,NaN,0.014483424,NaN,NaN
NaN,NaN,NaN,NaN,NaN,NaN,NaN,NaN,NaN
NaN,NaN,NaN,NaN,NaN,NaN,NaN,NaN,NaN
NaN,NaN,NaN,NaN,NaN,NaN,NaN,NaN,NaN
NaN,NaN,NaN,NaN,NaN,NaN,NaN,NaN,NaN
NaN,NaN,NaN,NaN,NaN,NaN,NaN,NaN,NaN
NaN,NaN,NaN,NaN,NaN,NaN,NaN,NaN,NaN
NaN,NaN,NaN,NaN,NaN,NaN,NaN,NaN,NaN
NaN,NaN,NaN,NaN,NaN,NaN,NaN,NaN,NaN
NaN,NaN,NaN,NaN,NaN,NaN,NaN,NaN,NaN
NaN,NaN,NaN,NaN,NaN,NaN,NaN,NaN,NaN
NaN,NaN,NaN,NaN,NaN,NaN,NaN,NaN,NaN
NaN,NaN,NaN,NaN,NaN,NaN,NaN,NaN,NaN
